H001,H002,H003,H004,H005,H006,H007,H008,H009,H010,H011,H012,H013,H014,H015,H017,H018,H019,H020,H021,H022,H023,H025,PG1001,PG1002,PG1003,PG1004,PG1005,PG1006,PG1007,PG1008,PG1010,PG1011,PG1012,PG1013,PG1014,PG1016,PG1017,PG1018,PG1019,PG1020,PG1021,PG1022,PG1023,PG1024,PG1025,PG1026,PG1027,PG1028,PG1029,PG1030,PG1031,PG1032,PG1033,PG1034,PG1035,PG2001,PG2002,PG2003,PG2004,PG2005,PG2006,PG2007,PG2008,PG2010,PG2011,PG2012,PG2013,PG2015,PG2016,PG2017,PG2019,PG2020,PG2021,PG2022,PG2023,PG2024,PG2025,PG2027,PG2028,PG2029,PG2030,PG2031,PG2032,PG2033,PG2034,PG2035
0.420002356382284,-1.79500466963685,-1.50335056371858,-1.67012202835428,-0.831566581042098,-0.386321320856796,-0.9077754763242,-0.290799105531317,-0.514074977710278,-0.55257029934727,-0.75561859033183,-0.757185093000187,-0.355878710286832,0.196465818573486,-0.611553539263551,0.271891890625398,0.468938062280866,-0.340256978986044,-0.865624693072869,1.08434790053765,-0.314288382152467,-2.0443785555206,1.19892169503849,-0.815034914735536,0.258711468750673,-0.261046534208706,-0.200105789196922,1.18691600679995,-0.267571239242144,-0.239384513497923,0.0281283928708661,0.967946905879542,0.357495502956141,-0.0352947387929034,0.644843512626392,-0.0637394539991624,-0.80846928650969,-0.572405458401841,0.595777730775314,0.858331861318676,0.830537677074752,0.701477952316142,1.27173717223392,1.78536195246195,2.80530384328063,0.92096902963917,1.21745162635618,3.24924477375211,1.29809698056882,2.07088304472288,1.46930524064486,1.57004668636025,0.49529727326122,2.05470177624006,0.455235584356213,0.995089678818439,-0.776499823846786,-0.262742957517414,-0.0595636427778229,-1.08877061474388,-0.479473563412497,-1.73589085995495,-0.285057448731587,-0.949508837368946,-0.91347594076217,-0.916199948018479,-0.181706121002779,0.349926845117388,-0.0934921089513941,-1.24420795509011,-0.168395722734673,-1.31279282138494,-0.676539750734657,-0.407591409258547,-0.206369506028972,-0.805337428093667,0.205861357980258,-0.322900737925192,0.177283149934034,-0.457048673411629,0.0594469770311112,0.182763902162078,0.968860364584237,-1.32666136026106,-0.272921497369495,-0.902464035485972,-0.0685677357238913
0.530132622906086,-1.45429927958499,-2.02413345027524,1.83814943436391,0.394487408690866,0.753586344766156,-0.78030640554457,0.0111650090643857,-0.258916158902658,0.215239932363284,0.0789879164774767,0.894075761962839,1.61288011237822,1.06968903498552,0.433847926614567,0.0692981244896365,-0.656166213836043,-0.687656928976089,0.199494644094272,1.4887383036406,-0.567148769133572,1.11752869840894,1.04425501734799,-0.906264267175752,0.616727906056573,0.364207931409296,-0.478736444391698,1.79999896231757,-0.725200784155222,0.59068867605704,-1.02253245694141,0.511359859081451,-0.688261411365162,-4.14784562038167,0.722095953031703,-0.564726459739153,-0.544137301134882,-0.744578815782897,1.14417370442068,0.228258928271917,0.834730761867176,-0.16808237486159,-0.00155241556176345,0.541890317066845,0.700901230939123,0.370263566293044,0.614305652103183,0.612488961638098,0.618544596521667,0.111082393273718,1.00368297512039,0.0446203577711856,1.23985273558188,2.10035845254545,0.4084140660599,1.54873767655433,-0.656166546481869,0.637922628149333,1.01639980837601,-0.696133736713812,-0.243172247418515,-1.7285845605616,0.282456860480315,-0.826329886711867,0.0129811081589385,-0.626493935552152,0.166188670714666,0.466548160942723,-0.20865512858183,-0.470864119042859,-1.59842333437442,-2.24395401296908,0.988543887911387,0.242489670248379,-0.426427112184856,-1.07742981859147,-1.87577141204464,0.183144448388948,-0.0996537006765362,-0.547165118576571,-0.423630166950562,-0.895364124385234,-0.0681643992817251,-0.845707918339547,0.161344162807884,-1.117000361126,0.458675835593892
-0.00966385832838266,-1.63076868959227,-0.761179108737529,-1.02424809396147,-2.12075284738564,-1.8369152549764,-1.17232114547706,-1.29539469058049,-1.00078744847426,-0.0846618200490691,-0.633106231604595,-0.178889968174209,-1.17808935045329,-0.315423822158589,-1.18039775921245,-0.112737346420946,-0.01735622631949,-0.456957565688263,-1.80537855326949,0.486474393389729,-1.17347449891155,-0.691566602738437,1.52644370161127,0.142254766849751,-0.341576723085293,1.53413565880129,0.558396000641339,1.77682061122509,0.541858040333465,-0.263886770011494,0.00264361355370115,1.95181530750519,0.277250675408748,-2.22113514225284,0.585702865335534,0.446860919495691,1.02953556754947,-0.297347294355182,0.300326899094048,0.957999274125051,0.313403425849014,1.28875848028103,1.79758921254186,0.751082468413578,0.965306744958688,0.806465405258293,1.03068937873374,0.396477831116083,1.35683334015266,1.22183743159366,2.14373256782133,0.829157025215432,1.51759769849353,1.28991229146529,0.311865010936698,1.0241511153562,-1.16001345645729,-0.575415789763032,1.77028234784755,-0.533493983401442,0.681469193629518,-1.40692904988998,-0.215426700272371,-0.338884496988713,-0.753487315867869,-0.338115289532501,-0.98963400491413,-0.356576268480745,-0.00774068710468247,-1.02347913298586,-1.02540215162634,0.410708169055433,-0.897713713900987,0.758005335519171,-0.545032095244086,-1.06963158035646,-1.15462900426401,0.172253857640638,0.0530267019333041,-0.340807515629199,0.911077619298238,0.418784847345282,0.417631036161021,0.019181573861455,-0.063508227677456,-0.916943900305441,0.741082771483246
-1.04833537183105,-1.57459079788845,-1.50430808562302,-1.19619240540271,-1.35028751094713,-0.621249419646417,-1.27511928763186,-0.0176578891034115,0.435992407452354,-1.19874781746672,-0.963770845325695,-1.33517910143126,0.262060616755437,-0.652121870883933,0.3911754686178,-0.951593564657614,-1.81272485999998,-1.74131512928614,0.349010547577397,-1.25347067396815,-0.700380321520815,-0.0088292100172738,0.215173361271353,0.624240715254813,-0.118575294578345,1.04571100134412,-0.215242101767711,0.891690559718118,-0.0876058353543611,-0.0631008749004616,2.52074424977117,1.10020822934745,0.686943752067468,0.126549478551176,1.35127132111459,0.320559610243092,0.919202263786013,0.508481086116661,0.927320471543753,0.87327549936194,1.07735697788125,0.66813917201887,0.62138430882155,0.740902367477158,1.29294049500344,0.992115796424984,1.66547602877526,0.143913422921895,0.80825342443024,1.25452934533486,1.31173264259077,0.953479140985358,1.37412257258083,0.752027318848844,0.890487862272513,1.59977868080984,0.174131196242371,-1.19198276476834,0.795023752528754,-0.796896653891687,0.330782538530588,-0.139321825514791,-1.21498435341527,2.35943245488126,0.0551011518462593,-0.679408147175514,-1.44883383799237,-0.249218304605687,0.106479464927873,-0.389633231378427,-0.597549552284974,0.157755971154483,-1.02059837877162,-0.454578893440338,-0.169765104606313,-1.19348613657531,-0.525387705549512,-1.05013963477895,0.253871054510238,0.0625508599365409,1.23731573814482,-1.60285427961838,-0.165179820594985,-0.448114394670304,-0.324236557774411,-2.2297603231327,0.353633789996831
0.654318830787626,0.738329721164441,1.81533383437693,2.05904144148105,1.51587179987554,1.17780975872725,0.836972914378677,0.740095477022301,-0.755311820800711,-1.20003461223308,0.129440607110759,0.899035350499397,-0.9703958295491,0.222659218093085,-0.370210432120624,0.327357792486843,0.519094206806366,0.0331931795416818,0.814772198286955,1.539082448709,0.665419929874215,-0.497614207781669,0.707046116157707,-1.35689654318079,-0.647975881546108,-1.57310473073276,-1.58950325137559,-0.956015784697713,-2.15815349028114,-0.0493037356175566,0.240319367427551,-1.49893296044073,-0.346999956517528,-0.460023606486313,-1.03800838791167,-0.362893907294391,0.172959290325601,-1.36068081717528,-1.00294078222941,-0.430632411795789,-0.596762040153966,-0.986289976653646,-1.01681645354252,-1.28121106329096,-0.353559364774671,-0.893701406255036,-1.08215825118071,-2.09886653103414,-0.593230051092415,-1.58445755271624,-1.78451950455833,-1.29432987980525,-1.63264397491279,-0.394429523915179,-1.68612838070155,0.0503488129040778,-0.610637711467074,0.869517990244973,0.580651741998843,0.602852816099835,0.640190986178791,0.626063029932739,1.29108611323132,0.245365066086897,1.58575491493578,1.2840221351083,1.04031488986305,1.4419525031451,0.550125265109893,0.794589365154044,0.0828935692567046,0.191880660298058,0.350315598200743,1.02694378841582,0.254951893539563,0.730004422314746,0.0558990814293058,0.450977286454217,-0.00919043127594707,0.664158054810591,0.798878209014494,0.953781157855703,0.348297318737062,0.200710632951898,0.432055916481758,1.11473894508802,1.45708959912307
-0.603091836035017,-0.931530026951947,-0.455880815375934,-0.954108614163998,-1.41861930440732,-1.77926947649808,-0.984814710028951,0.155840505073531,0.603492376914631,-0.757526604483382,-0.368277128987195,-0.279168223356493,-0.811413768006918,-0.0476655452753369,-0.0434503296407321,-0.371287797149485,-1.35901236059,-0.47454515730473,-0.933637577349635,0.880151655224296,-1.13834670523013,-1.99812873555419,-0.66736376287899,-1.54897091409429,-0.812316617047978,-1.52849993240273,-0.793952942295324,-0.00943267335267323,-0.571180494475824,0.257894264030694,-1.2997066076152,-0.0756623200016748,1.39674314254563,-1.02274626708286,0.685677572613783,0.70163289657917,-0.301445206305192,-0.637711184973291,-0.790039372266002,1.47772393776652,0.681764002584461,2.58074859832128,0.782914735648442,0.997558999561013,0.73083414987449,1.03579156830838,1.45394147374249,1.43949136901907,1.86847885299575,0.332553138435085,1.60175400330922,0.80097736655272,1.40878489648179,1.53311600587296,-0.218056060297123,1.06649804084566,0.0399385177857261,-1.75518595025147,-0.663600955936034,-0.361352932137784,-0.494414313132628,-2.19501101277072,0.368076312546812,-1.41651162079619,-0.107874011781007,-0.0518798559777338,-0.00883058565583344,0.762744797805356,-0.558837696691201,0.0245852815170874,0.406308881294171,0.659486757802581,-0.570879450627449,1.91905421952774,0.127542277671494,-0.498478405086091,-0.00250866483933525,0.419554810624013,0.219661695283322,0.675141037919588,0.312985288288746,0.247658773184964,2.0518145566742,-0.0470631544032886,1.25976819152147,0.749197824627144,0.0014049051898956
0.0545644372429706,-2.53809349149928,-1.28605777456957,-2.16441550190439,-1.73110396797116,-1.47448310615143,-2.03312315675016,-0.639599924221983,-0.570539955941534,-0.671149483794552,-1.14264606647197,0.228782678473178,-0.713854255334566,-0.482818948479427,-1.2678781137365,-0.217348967432369,-0.590931015984407,-1.10311308790375,0.0990201993872943,-0.617188613224201,-0.522543302790176,-0.634598690987972,0.594737913830354,0.0985210581363121,-0.468199045237358,-0.153482789596056,0.470082456529453,0.634269696254311,-0.078458743324596,-0.0925017058317984,-0.25995922449671,0.549819551861581,0.446709580575651,-0.973638241699336,1.23888656146256,1.08556818997958,-1.01510510562141,-0.178875543718705,-0.1252044952322,0.592140808732643,0.454404354552191,0.481913171518416,1.56110522173101,1.83898274695954,1.62881923272472,1.42433061429765,2.06376633174981,1.57957267927475,1.1023043233786,1.79387213452194,2.06703661068987,1.61554574761515,1.72519627678114,1.06248386804989,0.600989798805668,1.63574452930362,0.610031158228145,-0.954893499254841,-0.270443354039798,-1.3322259781304,-0.0328672075134764,-0.431500245670066,-0.990289459546999,-0.584582501632853,-0.916419629372025,0.124774833759049,-1.0534827908295,0.00897312598407099,-0.097214754892463,-0.644601738650024,-0.405390452653709,-0.240337550856483,-0.899683495973001,-0.0197860917533006,-0.0796129594210755,-0.275444957124525,-0.403370574484856,-0.244665861218302,0.392269054691505,0.13195621138494,1.44010490094958,-0.0942330299765266,1.35796318874981,-0.149250663908967,0.388421667703207,-0.11135390207439,0.794898103014989
0.305052814947469,0.519839449729315,-1.13758563522575,-1.71263609356737,-1.31955039323182,-0.938439237159828,-1.18424819151478,-1.57143090467546,-1.1352429637163,-0.53448486654191,1.26038654017988,-1.04946675945677,-0.931996967470171,-1.39076763139296,-1.19264366396026,1.42197294069429,-0.420268788846968,-1.55989282277041,-1.2537831740366,-0.401525882511166,-0.329025980327221,-0.974363406196994,-0.550839651954214,1.08347986537606,-0.00479529803778497,1.24917467257923,0.449856674908567,1.08061632589574,0.385427036600966,-0.512943394912269,0.300952621931013,1.43881908270889,1.15298577821699,0.249935999962294,0.816780211048234,0.716165846579987,-0.0619359267590583,1.06135251484616,1.18162117302035,0.108314511435572,0.0958190664304615,1.47578477418236,0.926896320155769,1.65267341753595,1.46914656902339,-0.50487342001316,0.950064957769399,0.960868311263413,1.28431811165611,1.35161128944407,0.907372187335284,1.54815422650361,1.04130773848381,0.867673117266951,0.504524246805926,0.890190950453258,-0.260561437986141,-0.642062993298421,-0.158840705991414,-0.922689862371543,-0.628916743865949,1.35877426789364,-0.893013180484406,0.284031706819939,-0.642062993298421,-1.37851328328713,1.07091051537349,-1.16530975288743,-0.633342213971954,-1.0997086666106,0.0514342044852118,-0.0716979931693024,-0.445064493139727,-0.416233857008158,-1.00364993313381,-0.983540076328709,-1.02356454861071,-1.15333495142418,-0.929848711072375,-0.788493989452062,0.642234463633096,-0.557979061284881,0.202811314286721,-0.709421251529096,-1.07862260316447,1.97589098879589,1.96398755139133
-0.411107990464253,-1.74269886471784,-1.23937210460907,-1.11650038386953,-1.15221883192429,-1.71167458294588,-1.29009243523402,-2.0181406326636,0.111608040624518,-1.00505847276345,-0.817994317162982,-2.2413311704602,-0.606029656966624,-0.850141128299646,0.223793091538559,0.458496835544417,-1.04649158037476,-2.08794476445088,0.356500823060286,-0.359673485062148,-1.8901657681703,0.602997197156651,0.0583365274248625,0.433892369088564,0.589829689832794,1.29624208131926,0.187944107967126,1.00028774221051,0.733520624131076,1.08193031851636,-0.248843675269237,1.1905149450032,1.41319507187741,-0.592473785808475,0.684024812245664,0.405113360940751,-0.71053244427891,0.559826043040387,1.1031573883559,0.412869405689829,0.837819015361859,1.99204093788604,0.932320297435877,0.495736620640263,0.522474564380452,-0.0235101646650471,1.52524950785721,1.51769756954894,0.993858389326425,0.869863726561893,1.29460922979318,1.16643038499293,0.844554527907091,0.855168062826833,0.642080938668525,0.914971249970902,-0.752782477517195,-0.153321860991374,1.36053561016012,-1.73188107386529,0.601055544074829,-1.27917298824928,0.161614377108484,-0.370287007524192,-0.356918035654127,0.001901087210154,0.271889105107118,-0.113112892160714,-0.43192715263514,-0.230269989159672,-0.268846106464195,-0.706858528345146,0.371844011096131,1.70261800488172,-0.396412631942089,0.158541446574729,-0.79156270126246,-2.03191754178935,1.11213807174957,-0.979136520325229,0.734337049894172,-0.977197509137942,-0.085966735539035,0.626160636288883,0.850473614689228,-0.553778697771646,-0.88871736706646
0.620086117807487,-1.90584171426985,-1.68374299073999,-2.25975997299417,-0.661538896394738,-1.06694772408373,-1.13003098495692,0.364908382097346,-0.793696791507457,-0.520381553045445,-0.225469111046451,-0.983105724210157,-0.031575521590772,0.872115581102826,1.22082044205741,-1.38599851162704,-0.65491453894888,-0.705542092442211,-1.19977583563847,0.06283389681443,0.0142131465457775,-1.47745811683689,-0.30087870222243,0.736446350706651,-0.377586698839196,1.48417022802897,-0.226848831599235,0.958780912713477,0.259913993284378,-0.681349524001391,0.227342688022234,1.30762431255011,0.703166973590981,-0.928690937709295,0.597428243464617,-0.0695754425558601,0.679965499481566,1.01802292445842,1.3528228992001,-0.499139033694336,0.260150017235529,1.44770452757244,0.938010805010105,0.647937369016037,1.48440625198012,-0.365313453378125,0.760048745824126,0.291069154839477,1.35506512673628,0.977190780905126,0.826607500055469,0.681570782058473,1.6951756403794,0.692309871836958,0.696086255055733,0.813626182740868,0.0138590241844681,-0.250251777180323,1.46798796441478,-0.476480734381539,-1.50212281421239,-1.69259414281059,1.84483876441046,0.161492005644414,0.957719104193292,-1.54566923320416,-1.01909979813278,-1.17499361788387,-0.219804687478755,-1.43981249110219,0.364354591679308,-0.558617069390429,-0.993137163503579,-0.495126626524337,-0.688194218585489,-1.28403668332671,1.639310834052,-0.130705645910223,1.4784235894787,1.33629373243998,0.740694781827803,-1.85545066912132,-0.750504541695683,0.15441128710917,-0.0102154188353778,0.202324149197711,-0.187351394192218
0.512395343592522,2.46280126005394,2.7335422625148,2.88519871278001,2.37552245384933,2.23099198474576,2.45720346739645,-0.0725993625048246,0.283385042266868,-0.739273451418894,0.114426523216669,0.224605229690715,-0.496777339848467,-0.834695193314031,-0.105168989199898,0.0169698627641136,0.228168181444645,-0.695507695831999,0.30628630147825,0.0156975630360896,-0.0519879011271426,0.663287854913295,0.161755133490189,-0.897291046999634,-0.294230177865297,-0.641308247696226,-0.474385070416823,-0.175653652541863,0.154375861073058,0.200941320588493,0.728683195096747,0.139108497297505,0.227404751132734,-1.47770532653355,-0.185577438995973,-0.219165639302189,-0.13773969916588,-1.35276739963699,0.00450124000966066,0.111118330375633,-0.775152136795214,-0.465733564277371,-1.20747298770626,-0.284306391411187,-0.632911197619672,-0.473112790102167,-0.595251700306588,-0.655812243283004,-0.18303287836666,-0.328836202423191,0.509087612791686,-0.311024278018405,0.35132485377769,0.43275079391392,0.250814708921941,0.633516627562441,-0.756322388138672,-5.35688800583864,-0.495759379702598,-0.0784514365041263,-0.426038418460929,-0.295756914242855,0.431224057536364,0.877285535845487,0.282621716787702,0.0350359675607665,-0.0367206421843317,0.517993574994117,0.0337636872461877,-0.10873170799233,-0.36420559516994,-0.114329741376675,-0.401610636420048,0.133256007850185,-0.481764296241699,0.0078091688277493,-0.175653652541863,0.320535670163608,-0.587363562355916,0.36761004180492,-0.287105408103399,0.378806108573686,-0.488889066003596,-0.273364780705403,0.37778828432193,-0.0257790314784695,0.339619874883047
-0.550773805369679,-1.49786321183072,-0.975023431845876,-1.30629270165178,-2.31163260190918,-1.85557092250641,-1.76516138463198,0.329327848244789,0.801097634162325,-0.837272181999492,-0.975669802609693,0.190545236971974,0.396658645656188,-0.892229655913612,-0.611557086696717,-1.05540748248996,-0.0849589837531701,-1.81974269484935,0.214539604954721,0.256845223337564,-0.349550185924111,-1.05540674864869,0.150562585701252,-0.974212468693261,-0.653830651238306,-1.12033293182127,0.0462662911976941,-0.21549713870232,-0.771315025287921,0.575289495982503,-2.00421390968576,-0.413136543779957,1.52638619272331,-2.44313523656374,0.143826414677493,0.866595780175698,0.207263396376775,-0.0853024668754075,-0.419548946262171,1.46730048413695,0.247226404703615,2.26839276566823,1.27836362528524,0.568762586313081,0.597274875921613,0.979957895486727,1.60539615187948,1.03606641720635,0.801097669107124,0.0336705006076021,1.74990422210429,0.940109394347094,0.858809291447285,1.14942853251738,0.492844321210847,0.522730697065571,-0.287293145065974,-0.777727427770136,-0.076714427836694,0.0874888785835228,0.746706755195244,-1.05958592069625,0.10088621948392,-1.30549105349596,0.166498837739698,0.98201902485602,0.287418427404798,0.998050031061596,-0.613600340115321,-0.562110394304834,-1.1253535497155,0.994385801071767,0.0184410447122576,1.55982229138073,0.146803601544223,0.0689387142598957,0.494676436205794,0.154819104647045,0.170850110852623,0.115428632256166,0.908505410684624,-1.45679536335624,2.04372966441546,0.156193190893238,0.96850717676842,0.898886806961264,-0.0622865222516529
-0.251998884539558,-2.41866232457975,-1.17504780253742,-2.48841628468274,-1.91077054191853,-1.86829154425325,-1.54494016335855,-0.871078923725986,-0.236446525694211,-0.327903974228354,-0.940020492549355,-0.715437786459423,-0.448610046903587,-0.209171915821928,-0.255828354804901,0.308585314293932,-0.2092877822041,-1.18793022271916,-0.0386752473048162,0.0474436609922151,0.131241168391695,0.781193608080918,1.46735800682367,-0.196984895824836,-0.148702704066115,-0.553762437811268,0.35384991688425,0.82251215323471,0.0237668559182498,0.418613049099098,0.212253104514892,1.01517666842586,1.24033881268534,-2.06553447565407,1.53954912603641,0.655613615376351,0.0748345587399696,0.107564313730271,0.554638839342447,1.29094226366328,0.511463417865881,-0.0830110681635532,1.85802589090653,1.758792059287,1.85779376498463,1.03653225324218,1.33226067776448,1.63031036150593,0.637043541623035,1.16373725845273,2.02863844351554,0.953431173195907,1.7120186860207,1.61823981356627,1.14052466626105,1.61406154697176,-0.0300863579664758,-0.471125609608855,-0.381060751905004,-0.707197672198461,0.224323652454555,-1.37038143111536,-0.74921246406542,-0.136632156126384,-0.611329666446712,-0.251650550436292,-0.613766988626837,0.213877985968287,-0.136864282048349,-0.380596500061219,-0.683752954084817,-0.781594030172847,-0.355991152337967,-0.961607682619491,-0.669477209886921,-0.69187736135194,0.0168030782607418,-0.832777795955543,0.174648705164337,-0.835795432940441,0.394239827297811,-0.654505087923275,0.415363286192236,-0.981802637826272,-0.0407641503747057,-0.367597448433844,0.506356647583731
-1.18637029933167,-0.407788548467677,0.0753891438397925,-0.152253676135688,-0.115346658944484,-0.470097325709539,-0.085936902245775,-0.560371250786422,-1.13209885292189,-0.854031109938388,-0.876565278142773,-0.516396174758262,-0.923698021170344,-0.748653381090402,-0.102115079794606,-0.937366443120343,-1.22301146235668,-2.13704706425328,-0.538935677346702,0.0531663883246049,-0.351338366613814,-0.248045661058007,-0.813460524300393,-1.63376465523479,-0.038726161873332,0.0518113106089762,-0.541424095409395,1.42084952897919,-1.06340943151991,0.427470167657663,1.07316996145323,0.781697776442877,0.46063850250793,-3.17594661150675,0.290029042315871,-0.664641157827068,-1.61341614275646,0.351332648599827,1.39014194384247,0.451535448250601,0.156336403047719,0.414474454785376,1.18872425330112,1.6080659486367,1.47459966025841,0.29459787014953,0.301166371130896,1.29426576215598,1.09954200270692,1.57544402771789,1.649225767451,1.03454037073875,1.36592960725741,2.43886165957366,1.76113393572944,1.47562905220325,-1.50892421000219,0.164819515377537,1.83155501352489,-1.14788877381704,-0.136532813887788,-1.68932731092444,-0.00496095270210988,1.06031842112227,-0.265756104375778,-0.400848659019879,0.26358491479157,-0.739509958521484,-0.172898895704003,-0.881276260102124,-0.968517948290434,-0.334115514830731,-0.697365441250173,0.154410257896074,-0.348375620890205,0.0966082959119841,0.0258472776471902,0.15366344413211,0.265636490054223,0.899679933886103,0.576037088011213,-1.0874141596455,0.0441874666253317,0.102981028965313,0.380095070588149,0.166394811698911,1.35038059867876
0.794011095737498,-0.824722890669364,-1.12400280904557,-1.42283153723201,-2.16584324867952,-2.22046271233151,-2.26063699540193,0.532648510741244,0.6985383768306,0.0297846977725908,0.517752690999796,0.489313623344482,0.695604831272103,0.817032988209119,1.08697228509529,0.715918308348557,0.360663805979539,0.062286095785981,0.854950252710361,1.2882993677548,1.53973008608096,1.83224008524899,2.13287402190614,-2.04441517439706,-1.05087560026615,-1.64988832851325,-2.6032529721136,0.898737039747932,-1.71443905959026,0.614804103751518,-0.835556028771186,-0.12775500549223,-0.321407198723549,-3.0654903750713,0.178748116195665,-1.00347821031443,-0.198625388562851,-1.04229892970351,0.380976979989632,1.05627693587326,0.263612014394855,-0.625653301842129,-0.286197709045123,0.023013834925724,-0.00226477304857244,0.445527711066792,-0.181472047437422,0.512786864426763,0.734426087915329,0.593136725487869,0.839151749522912,0.609387259185605,0.567858117513572,1.80560710082425,-0.0487593555725948,0.371497501999294,-1.39258821163247,0.564698291516835,0.535808453831883,-0.661765598948247,0.532197224121364,-1.28560553145572,0.7240438024973,-0.780484775684514,-0.153936420894088,-0.274912616199387,-0.334497906424415,0.831477886387946,0.781823477867064,-0.357970899543449,-0.0952539380967616,0.030687698060672,-0.0948025343828437,0.566503906372099,-0.00316758047627125,-0.0469537407173427,0.284376585230935,0.427020158799884,0.189130401613573,0.61299848889612,0.445076307352867,-0.713677026038188,0.640985519153375,0.352538546018597,0.168817234491411,0.500147560439672,0.483445623028173
-0.0506939646283243,-0.818506547300713,-2.12430963007358,-0.17894195641207,-1.60091970425598,-0.600158689545755,-0.854897856926541,-1.4794297389534,-0.181658628848749,-0.272636902913316,0.48551538095807,-0.527376070294101,0.546167563667781,-0.997648156662464,0.273232741474081,0.32175448764185,-0.625844111924933,-0.375745613519825,-0.0360933903454438,1.19464506711183,-0.164874866977642,-0.515245633752158,0.988928497448668,-1.13054003316086,-1.27945098513874,1.12802792942612,-0.724162895352504,-0.21318069968243,-0.9864572968328,-0.78978810384898,-1.06319554467725,-0.0662256851311157,1.67854757448789,3.32051999583306,0.25607417094063,-0.251174664541262,-1.06911803066747,-0.94693250764329,-0.73532779627387,-0.0335228675885069,-0.538922576455297,2.68456511169964,0.451998893234455,1.51519102905642,0.301198438027997,-0.174834490987056,2.26950200802287,1.99535414217498,1.65105191832617,0.304724932769754,2.0428650186309,2.01051718785241,1.48526928558631,0.233148475508542,0.268788674371862,1.34758883083527,0.321054991811548,-0.412836418975952,-1.08986251309466,-0.352184236266241,-0.117565729488994,0.302859336998636,0.157294098495329,-0.483601652142101,-0.242438932331443,0.0602506061597921,-1.54968490783154,-0.79521475956243,-0.218749434304876,0.205815844663099,0.0937763338227008,0.105704596422297,0.75775070732147,-0.2072352902855,-1.08319871190295,0.660707214985927,0.169424535037271,-1.21489924037567,-0.695068723229862,-0.509879911311489,-0.000725444471707175,-0.909674924071244,-0.0895771996793268,-0.558709271730937,-0.206270258252037,0.563663722650395,-0.00828614283064529
0.112109170295182,-1.61620432616144,-1.6983690118896,-1.65607671048143,-2.59205894083511,-2.31658677828797,-1.83402139314671,-0.624031976267066,0.222262764240093,0.185402377386574,-0.202646256595634,0.482195354349256,-0.483296584963829,0.0377104645551328,-0.193070625223461,0.201570400854403,-0.552581407895348,-0.376853643331479,-0.0250521700970603,1.13966720398708,0.67060463478315,1.09939812581385,0.916792078914515,-0.28237537739696,-0.801247131323735,-0.483564289877645,-1.59758889615925,1.52045862419192,-0.777346115203268,0.814347794407211,-0.0565072860130637,1.30079257476865,0.135261204737399,-3.7517359046706,0.278510823074847,-0.661108049544165,0.293018906911245,-0.176443739462552,0.976899233070902,1.15624460874496,0.331747307357772,0.179096298445083,0.250788773942762,1.31344194913235,0.627136207995323,0.263526960363176,0.674684491502904,1.01162897639239,1.13182129314805,1.51075273513653,1.4463978271819,1.23201820970606,1.56143904464804,2.15090581080021,0.488251067873623,1.58965590381039,-0.846439780755524,-0.0851026537028067,0.0466352304259387,-0.468982195994023,0.608986829833561,-0.551370180607649,0.73229602686544,-0.995379714441141,-0.433000625587359,-0.924676859004016,-0.571209102419706,0.26790412601562,0.402003987938495,-1.16969663604689,-0.152823961521608,-0.293476884486463,-0.271193516541897,-0.270322312556922,-0.689320679560998,-0.327445381607525,0.0795802743220785,0.32202450172019,-0.512952622359622,-0.407714564296633,0.277267454280823,-0.801456474028851,0.621329591144263,-0.195233833176331,0.449681260385516,0.507138431935265,1.10517767613324
0.243580525651439,-0.481813998452637,-0.298418902207445,-1.04272953162613,-1.02585989153069,-0.329987237593642,-0.511538997638882,-0.195030116830094,-0.0389859459472408,-0.102247096305155,0.424929156677457,-0.279378317307311,0.467103256916067,-0.015852344805347,-4.06258224638057,0.574249674127101,-0.164164961975693,-0.0823468900401216,-3.03508902477426,-0.0347685359233792,0.0955737007714193,-0.270943497259589,0.774974188657911,0.834674408467119,-0.0798006650400403,0.61030819519772,0.653114906939905,-0.0522078918026031,0.305108289804302,0.151875725604042,0.522375196200218,0.374695555198007,0.50051495424322,2.08794754298972,0.0798848653283958,0.0436288683249281,-1.55033419187921,0.250563120162384,1.27686984946893,0.697608582691642,-0.809924555250398,0.134162603503823,0.612557480543762,0.590064627083185,-0.0335582399605988,0.595734337736538,0.986290298824919,0.829332355770215,-0.477046037124402,1.05847830040002,0.86166583261983,0.913539975913318,1.02586366288213,-0.150485725316281,-0.48040775301668,1.03668834861005,0.510046682237344,-0.000259930649825783,-3.0746122043082,-0.000578706520574952,0.32225909056802,0.49739445216576,0.396176611593099,0.151243114100459,0.151388634672533,0.42136822612875,0.130479780089862,-1.99703434203384,0.169804658443405,0.429915891783985,-2.29269206046002,0.381724571904456,0.813700203955329,-2.8033427416234,0.375089561473794,0.845152583597651,0.358528816773223,-0.0518905284775635,0.509722966128637,-0.110231367140958,0.602084245651188,0.179078020257943,0.334911320639602,-2.2439250599896,0.272704522787653,0.627674806700543,0.085662388229422
-1.08166098450328,0.338248652884911,-1.25537099537782,-1.44958843809171,-1.44476316001186,-1.24572043921812,-1.29638585905653,-1.20711821457934,-1.16248439234074,-1.18057918514017,0.562661825916082,-1.23124460497858,-1.0177260499453,-1.15886543378086,0.581679923788861,-1.06235987218389,-1.22521300737877,-1.20108661697953,0.50989985263339,-1.16127807282078,-1.31568697137592,0.496376441336238,0.765804118652981,0.958054657389575,0.840587484653989,0.913506885943398,0.905709638672878,0.908570827520971,1.02841163496534,0.309069231484226,0.703906054604448,1.09802210181149,0.979486129981221,0.215474499454494,1.14806687025688,0.855904726758707,0.656784399409188,0.915090381366606,1.05451719359032,0.923167896872272,0.92364358886964,1.00550161674872,1.02582448170152,1.10285642728774,1.02141960597438,0.888314511195025,1.15080963873877,1.04909277681557,0.978472017371435,1.05355977799799,1.20560871346557,1.00185250020084,1.2081665129544,1.07147402497593,1.00142485993101,0.697511286696384,0.656671407480814,-1.24250854691642,0.623789069271207,-1.2304453517168,-1.24612750547631,-1.1001628435609,-1.12911451203999,0.653680090419634,-1.2051126417976,0.582319386274208,0.509635690102922,0.528495133206765,0.521355446544758,-1.11946395588029,-1.13635242915976,-1.13635242915976,0.41483522558826,-1.0748301336417,-1.1351461096398,-1.02898999188314,-1.12670187300007,0.524746080541347,-1.24492118595635,-1.26180965923582,0.611212314672941,-1.15082826339931,0.67685588979487,0.638999898782419,0.501766640834484,-1.04829110420253,-1.18460520995824
0.485825488799909,-1.42843001163741,-1.35217526020869,0.106476423488401,-1.77974654500547,0.0346513943694369,0.102063979849571,-1.24323990102479,-1.14247469377969,0.488285094783791,-0.842902456023987,-1.29770758061674,-0.815668616228013,-1.1343045418409,-0.938220895309892,-0.916433823473115,-1.28409066071875,-1.22962298112681,-1.07711347826936,-1.1397513098001,-1.48834445918855,0.833127978844481,0.837876777824907,0.765331843372562,0.685966987439137,0.907491125415555,1.00388393968141,1.14031046868469,1.04321505111476,0.58676539098048,0.549941855195886,1.10505901621544,0.484797421326232,1.37721592492063,1.435485832768,0.472656603388066,0.59289261655242,1.13538798190423,1.35750990266416,0.627047936732538,0.603882850391371,0.68925184241587,1.18538250330969,1.18002152194585,0.819162251113283,0.557393306378367,1.45137813998094,1.05046197588446,0.79844185019764,1.30344800728518,1.36027958417142,1.33932541393505,1.56671435931153,1.20728123388963,1.09090422798148,0.737930515461844,0.483726412006983,-1.20812731754954,-1.21629746948833,-1.18089347775357,0.575142752250498,-0.886768007957054,-0.95212922346739,-0.220230861619934,0.382038787593988,-0.995703367140947,0.476842416721828,0.486357414625399,-1.12097903020242,-0.930342151630613,-0.968469527344976,-0.968469527344976,-0.682514209487255,-0.829576944385511,-0.965746143365379,-0.726088353160811,-0.946682455508197,0.567956071565198,-1.21357408550873,-1.2517014612231,1.0566903550458,-1.00115013510014,0.692693490888184,-1.2435313092843,0.644295335470516,-0.769662496834369,-1.07740488652887
-0.551391417380789,-1.33470716616905,0.922253777500072,-0.00478256799405825,-1.85508547356399,-1.09815732393349,-0.328664055769224,-0.984987581587644,-0.917260391016846,0.339361103719102,-1.41214326354598,-0.401388210477753,-0.688914624286378,0.190457590576464,-0.231279852835437,-0.886827321263801,-0.702729753998025,-1.53802610027952,-1.35064999043564,-0.293715756548298,0.7109926555472,1.18880429467039,1.14812255805448,0.700468804422171,-0.228923535174992,1.25705182882012,0.855184277551021,2.11568343679851,0.172777394842729,-0.0581082285479961,1.74672237448419,0.794397589123759,0.683819220511877,-2.12367759847747,1.47326081233465,0.304648507686513,0.341010570660458,1.94714566759319,0.719160318434704,0.0413969064857353,-0.00132686455199157,1.94149109192554,0.872776290739257,1.01272679093598,1.50404683541412,0.466275128853572,1.48095731810454,0.73353236492332,0.690730368550134,1.21613469100282,1.37289209423382,1.15974600587261,1.1358711308314,1.40446347504488,0.625702748372134,0.610074129512913,-0.5036416696951,-0.457227027756454,0.0390405228532119,-1.61806429086157,-0.330234682553764,-0.97223903999405,-0.443708258134482,1.68263718358414,-1.12116845406662,-0.861764795313077,-0.151408727064262,-0.312328526272867,0.0519203896517348,-1.08653417810226,-1.73704598720175,-0.635424697060678,-0.827366126668192,-0.157289984619036,-0.938937369806696,-0.775296909061894,0.0633866125333475,-0.82383201687591,-0.688230204575384,-1.13773950220379,0.75340191553328,-1.06320905347319,-0.32143867595962,-0.886896242724848,-0.842916209754236,-0.254514203132945,-0.52932286751902
-0.635861017693272,-1.72273624062969,-1.74784029720216,-1.76290253770254,-1.13467636903781,-1.79503584924567,-1.83093412957157,-1.42914566977941,-0.928823942120211,-0.759121530191232,-1.08032670500187,-0.787363483706746,-0.615276099641271,-0.854391201370808,-0.920791023625244,-1.13568048265262,-1.02748265116912,-0.808199801247742,-0.432393658676127,-0.70452046666633,-0.857277813741585,-1.00978449871022,-0.908991824381596,1.01296567106844,0.877153346710735,1.09405140261655,0.871630479546491,1.22810645105834,1.10585025519479,0.815648689654121,1.21091025102417,1.51579762243342,1.27542738107947,-0.506073838521955,1.26852379712415,0.846149978765874,0.614691636699702,1.19371405098995,1.34471426004939,1.0961852376573,1.0439690390133,0.995518431617696,1.12191677785445,1.56060815828896,1.44814249967116,0.855187397761954,1.23061684522393,1.39366694627813,0.96702545783839,1.1585685326719,1.17576473270607,1.20074315465358,1.33969347171825,1.20488530502678,1.33605340017815,1.38739096086418,0.496452071501044,-0.318923953478221,-0.686571179026901,-0.406285670440287,-0.277502449746208,0.240391866612231,-0.287167467283689,1.11877878514749,-0.42511362668211,-0.721465657928429,-0.496283301276208,-0.641635123463093,-0.192902166366263,-0.758117412745834,0.143239612404417,-1.05949023232333,-0.751213828790511,-0.162777436379344,-0.722720855011205,-0.463271617998864,-0.398754487943559,-0.845604649416204,-0.230307039433381,-0.561176990456351,0.445616589648117,-1.05735639728258,-0.253214386194254,-0.684186304569616,-0.896000812290142,-0.0183042521504383,-0.523772117389272
-0.409502363877736,-2.23071096686442,-1.93774609788487,-2.86621740130864,-2.55297130833198,-2.25678717366584,-2.13412884529287,-1.05965814337603,-0.0437798601542729,-0.458437501314958,-0.883074308546844,-0.408214922872558,-0.40757061288244,-0.998329261652347,-0.652566465542411,-0.60298741110679,-0.887904226398916,-1.0182891903238,-0.155814835275673,-0.0376635329002648,0.0444312667512954,-0.0328333203042611,-0.0511849793225056,1.03181771861574,0.594946699646059,0.247896619727545,-0.28909738148209,1.37371677693986,0.102058320837877,0.694425804186695,2.05687101588877,0.649676304085832,0.568708683399879,-2.0745702416191,1.29548563647587,0.394378796316535,0.394700735166149,0.639052322047508,0.792617153328688,0.943928412662365,0.00483278824483089,0.383754814278215,0.335463986831307,1.4252269928832,1.283573899039,0.521866580776376,0.700220703480327,1.08719120075483,0.560499242733904,-0.73788013788864,0.733702343843459,0.98223913577028,1.1444963159919,2.02016998702913,1.83569902618193,2.06813887562642,0.828996243338723,-0.409824450099363,-0.200564197829389,-0.11299683072563,0.308743062310652,-0.29972136352041,0.422387476235744,1.71432807986543,-0.386644852924848,0.0476506552477248,-0.196378992784025,0.230189982997042,-0.319359633348789,-0.256259618818191,0.0508700437441533,-0.531839274115189,-1.02408377522405,0.0759812740165453,0.0309098350661605,0.0399241228562184,0.193488954137391,-0.703110742126862,-0.234367777042227,-0.330949431936046,0.121374651816641,-0.677355634155244,0.0453970833002339,-0.825447504992401,-0.173199395609507,0.420133904288253,0.427860436679758
0.488872280595406,-0.112378760126959,0.457255321187602,-0.472711470394147,-1.17456375605326,-0.774774746902479,-4.55212759844241,0.0472753282098074,0.166167155829422,0.720384272872328,-0.153141798332805,0.378603760289632,0.776824674279304,-4.28873710153075,0.501414829031483,1.01277871903386,0.744946099869868,-0.0049847752704268,0.819155727903795,1.06268677945045,1.39924127171731,1.94274582958548,1.75565498008967,-0.656928238972546,-0.36740781790871,-1.49178179971176,-1.55867460457847,1.38852830984324,-0.937564459390047,0.63363255492131,0.000502608858418165,0.0709229639817762,-0.51033892830754,-2.85550659892866,0.0736666141813884,-0.436913622965507,0.321379032203538,-0.588206333972704,-0.412110079699617,0.450330591585323,-0.524710429353104,-0.852119353173543,-0.366667597928043,-0.891704365838682,-0.349639416615957,0.429818540092956,-0.227873607756992,-0.290875047551396,0.233059625777894,0.688505558913553,0.679621358267216,0.293550580178899,-0.185020404639211,1.5829355239872,-0.089907197719339,0.667078957354706,0.297078130435543,0.844501670262951,-0.472450425551015,0.354302834598888,0.590779351803604,-0.588206333972704,0.776824965339197,0.152317919903586,-0.220295907205656,-0.246687209125763,0.413095338876297,0.832220569369494,0.141865919143184,-0.238064308498409,0.0446623120712008,-0.388442469439047,-0.0136075921681619,0.371026035815547,-0.34598121634978,0.12801701813559,0.562036349712404,0.317720831937363,-0.236365858374815,0.349338134237711,0.0525013126415221,-0.186588204753276,0.910610575072706,-0.044179694392413,0.715942060909679,-0.00237169135072575,0.46822964288753
0.43206900716043,-1.48086351370076,-1.4293665891845,-1.72547390515303,-1.7181172016507,-1.41465318217985,-1.49189856895425,0.468672597691574,-1.28775004676477,0.330583208760234,-1.08544070045086,-1.39258307167288,-1.06704894169505,0.22697459506642,-1.14981185609619,0.307191583754902,-1.38338719229497,-1.34660367478336,-1.24360982575082,-1.28591087088918,0.102440299849066,-1.38890471992172,-0.932789102777645,0.816368331294567,0.894679520488866,0.697216146919164,1.11333362280906,0.771516349216775,0.509041769672131,0.591578352314904,0.516647034730521,0.633498154397617,0.817512109499659,0.951095108663763,1.35135056874736,0.71572986514526,0.686611036103719,1.09460161651626,0.882517050423649,0.983885987570106,1.34197353054571,1.17003112364285,1.29511316841179,0.70245659573974,1.15123903760478,0.688326587978949,1.27098287439485,1.10516124480591,1.10605117674211,1.30475136958777,1.12066445906712,1.09499213486051,1.26819958823647,1.20428822656004,0.714235523101126,1.20753253280456,-0.80326521627853,-1.02580549722382,-1.03132302485057,-1.00741373846801,-1.03132302485057,-0.808782743905272,-0.852922964919215,-0.22353205516084,0.6868406803678,0.654805135756842,-0.968791045080813,0.909676773636972,-0.966951869205233,-0.838209557914567,-0.8639580201727,-0.8639580201727,-0.670844553236702,-0.770160050518073,0.56570754808253,-0.700271367245997,-0.849244613168053,0.542668760877803,0.492453944769934,-1.05523231123312,1.17251002619381,-0.886028130679672,1.04596820386153,0.501062755950392,-0.840048733790148,-0.729698181255292,0.399170762872542
0.0447403349619697,-2.83593283329742,-2.67623077131772,-3.44931700225834,-3.27440353248965,-3.35837222830219,-2.89189184096872,-0.674845157451117,0.438940764099422,-0.28266020447352,-0.0584961889670296,-0.120905205454638,0.105803185317578,-0.608493585539073,-0.19325321308979,-0.0993765189434546,-0.309591612195571,-0.0909510551226384,0.561746689698854,-0.0314885119726645,-0.0177766173685744,-0.181450610570238,0.909789386418063,-0.128167495496509,0.838805601597749,-0.511977112160897,-0.260204967579584,1.27615058789034,-0.0133566378594922,0.896479185631724,0.0841521445673907,0.962163378738304,0.597775835799536,-0.92735358348844,0.360349321489832,0.297121286208472,0.41166533614364,0.0675965919168623,0.724900273130536,0.495354018620648,0.731354863493273,-0.00211028897286076,0.0166902214113624,0.54185940955947,0.716820581311222,0.759701160543258,0.847745007122963,1.08640584393211,0.570539889993548,0.600950577948726,0.9675874807129,0.672910501653931,0.341767108316289,1.7556619711828,1.60280541327436,1.89957912356594,0.271709873878721,0.77010127086039,0.00958882449870561,0.0509574934203201,0.689708606760683,-0.279606469049743,0.400745085559235,-0.327483628879786,-0.390315495149408,0.265565211654542,-0.0344587015504373,-0.023907669704964,-0.0920460447110642,0.0267211129895555,-0.138982640016555,-0.758736505980455,-0.24981833239885,0.188692253197254,0.293973494332168,0.0142215764124685,0.109827669571634,-0.521509423690255,0.070620412537706,-0.135528962542709,0.0992901128626509,-0.711875371439181,0.270607607716523,-0.200655644550862,0.115244674427166,0.407020456607074,0.623022851464545
-0.775230358626584,-2.43291314727331,-0.975798411209984,-1.8885784316532,-2.87332396545182,-0.524283895266,-0.845368069948282,-1.52092823359808,0.562927811656555,-0.0184578771324492,-0.15347928651328,-0.580800227286412,1.00372388975369,0.157663054511603,-0.00924504193398428,0.901079836490242,0.0780334335601478,-1.66539740204269,-0.399706333615732,1.37679908663475,0.591184928024759,-0.0151196914039187,1.61555487771911,-0.557925555430608,0.0689699910969581,-0.560387365977321,-2.56852683933719,1.18047442829723,-1.04361966593843,1.10891594015852,-0.555072677203092,-0.895992631562984,0.423140906029062,-1.69925203172078,1.16136823218882,0.0433043627821543,0.613746222011188,-0.00389550172280867,0.341651762364937,0.185220555410889,1.05910723814476,0.734784682707935,0.457673971027411,0.847588022875289,1.56428738716653,0.822490801853186,0.342858020660774,0.797996925721085,0.390031385280292,0.680892308082665,1.30412759483241,0.499022392826502,0.761435151054036,2.26769002257199,1.03396164990305,0.792601179246389,-0.250258746224122,1.13828702299622,0.231790103163947,-0.186492538585771,-0.214244877125806,-1.47126230195047,0.131546600656639,-0.0387237713497227,-0.405332971513664,-0.0904959819482384,0.116315285348122,0.69318596446573,-0.0593300519764123,-0.353843119265158,-0.482462794148528,-1.94806993543528,0.385581846412606,1.36030319496622,-1.55080932849517,-0.0831488726973503,-0.66083003223685,-0.39797988502634,-0.366966530346914,0.256565452928294,1.08448680265355,-1.25081000191015,1.06011405806783,-0.151177973520673,0.22577669778883,-0.962017736435992,1.03329900994865
0.414212034430142,-0.959699299955387,-0.29438228646773,-0.575177278018344,-1.44632289254081,-0.732473337550823,-3.87131015873089,-0.124626140725007,-0.186064165899862,0.570862650405376,-0.594028202079375,-0.216056368519739,0.0905440865638192,-2.31966275682922,-0.0509774699229352,-2.08805276488128,-0.321527909607881,-0.701316777941326,0.212827780872631,-1.33754260469135,1.07659257057937,1.16371464252391,1.37322054048798,-0.259351951427713,-0.227027497092564,0.507585122149724,-0.0387023713577641,0.949976747808975,-0.621433886047974,-1.46455434907996,0.241333409702428,0.51963068897117,0.182442884665542,-0.0916086799617083,0.992928225948671,0.20549100442926,0.0376742852062719,-0.626098528239123,0.78677937701443,1.45253097298666,1.04380881331272,0.821458084419147,1.00591503058174,-0.177663477806109,1.55323360771326,0.32006104929532,1.49312537035214,0.945876753903056,1.47905861852114,1.45077290081857,1.95306292591163,1.4756109705032,1.61843884094574,1.18992143001692,0.229353077469779,0.992216144055315,-0.0780182669899404,0.019623813564552,-0.598561921064563,-1.18337370098637,0.312162491355065,-0.953850813331178,-2.36610465318993,-0.535433512236607,0.075699527016299,-0.0410221026704602,-0.14062802672922,0.904618001511387,-0.349988025125125,-0.763639318613389,-0.429968512421456,-0.363260780423998,-1.44172876645974,0.219712197610549,-0.283948546212284,-0.402538651684005,-1.45806676922406,0.388511384409533,-0.335998201216569,-0.249308323737122,0.602794729513407,-0.622099784150655,0.988103103231636,-0.224294721771818,0.445896509405249,-0.23461737915127,0.0747295325809287
0.192280980187301,-2.8720926151028,-1.4510962347603,-1.60648584272178,-1.93401460551302,-0.580449757716358,-0.310587880631132,-1.35453308773442,0.277023566497151,0.271289140488933,-0.90537049442982,0.225864901571061,0.438135189595349,-1.21072241400107,0.421670708591001,-0.907386465676921,-0.945846310127026,-0.0958397709601606,0.128976568783867,0.387388520992155,-0.758199687199298,0.0462129846390191,-0.657553003795704,0.672463260365243,-0.351735485118185,0.816635788561532,0.348036301971565,1.7532661357787,0.301512359563294,-1.18001673979344,0.671946327671807,0.616531142936611,0.595647062122242,-0.519888570930811,1.31304625405778,0.619529352558489,-0.440596215117983,1.40971266772831,0.987895589893321,0.213840574758365,-0.13943122792844,1.40940250811226,0.861040306926767,1.47319200248091,1.58433253156736,-0.185645010720657,0.832505622249695,0.703272448893376,0.726534420097513,1.22041191539597,1.42398001006685,1.03441953230159,0.929792355152304,1.20180233843266,0.642584550685243,0.534959163914109,-0.879472071836007,0.298372500342822,-1.05920956933996,-2.89349353869006,-1.42349203839672,0.360859513019909,0.695012011890784,0.643825189149464,0.306423351236952,0.256500644616049,-1.34378101707055,0.360989783383718,0.186576264290864,-0.979780910467221,0.446052534255807,0.498691574893044,-1.69729640094234,0.718342674793362,0.266342833478521,-1.74692193951117,0.604983770192931,-1.00958403077114,-1.13736979258586,0.472251947248326,0.35796140968533,-1.17210766958403,-1.07254643283033,0.440969855593777,-1.07135748763547,0.851034126602289,0.841579249376553
0.424482084534939,-1.17189737699952,-0.0254260841828748,-0.129590854878306,-0.227205710276763,-0.478773789385488,-1.24805575551222,-0.154813964156207,1.39259551512139,0.363391372685561,-0.425053212967434,-0.570491296880647,-1.16059609281758,0.132787021101938,0.518329020500043,1.14364745211357,-0.307785437809188,-0.55673370074563,0.876355377788525,2.17383306970474,-1.37924539325289,-1.82440291782757,0.356234242618353,-2.2476151047697,-1.98163375324033,-2.17129286966335,-2.27005318676445,0.0472929602729122,-2.04157782630667,0.288707068742209,-0.715438045929172,-0.404089185549109,0.670645807514667,-1.95706651018036,0.195515326734733,-0.184294250972493,-0.539045240758549,-0.872177056651819,-0.148885481439633,-0.033155375118904,0.337841554862161,1.81318639142398,0.141467392002786,0.151913391084081,1.16264579519582,0.965125160993611,0.894043937740015,0.312946748561417,1.37425164875238,0.570411455829966,1.11875232092863,0.597926768057139,0.591703066481976,2.07982286943488,0.0993755155600575,0.323756335507808,-0.879055884708612,-1.14798530540518,-0.418501968144232,-0.755236979686335,-0.20984418375487,-1.32494251597223,-0.0678455188682099,-1.1055658657216,-0.359540584800293,0.34930626829018,0.138027977974392,1.15249133473096,0.0805406292140469,0.131476713158362,0.0908588712992336,0.109857539265582,-0.49531554811179,1.64580157537528,-0.712391463168383,0.798395471426539,0.299516655688598,0.753191744196185,0.0810319740752452,0.79937816114894,1.40373234042435,0.307541955088222,1.52853393516902,0.0315699247145267,1.78927427484554,-0.600140395686699,0.693247671129844
-1.34096193425729,-1.44993635614916,0.0305324285817905,-0.690499702528556,-0.792636116285968,-1.53208761529598,-0.721739022100753,-1.36512245522899,-1.17792408485573,-0.911489693573126,-1.71339018699615,-0.890425457765358,-1.7070759240728,-0.458321387665423,-0.689582207821441,-1.59273976275014,-1.61633865552797,-1.11397345830365,-1.02300759449952,-1.43724095126941,-0.858075401352814,-0.197506217913899,-0.132337801594463,0.891807037733941,0.852609372705028,1.4522862874319,0.788748653369045,1.19715380404816,0.705913359883543,0.315049312751159,-1.43095055981467,0.59641921420604,0.769626828584277,-0.601964187755511,1.45951746124927,0.876199573154628,0.0377198164173172,1.15311924755756,1.48575583788112,0.904442374733416,1.25863334438896,1.11473366653869,0.712036975398524,1.44684300877268,1.10920672354474,0.477948878177417,1.4471424400204,1.00258485826493,0.865739588601587,1.15609221842299,1.06023662660711,0.775256912024248,1.2914328720137,1.07833551501898,1.19604040761486,0.546951579356238,0.30662276405444,-1.15979331522754,-0.379225676502401,0.185584705083468,-0.452610528006011,0.197332982941044,0.952853259024741,0.927400370473197,-1.08750129696277,0.0663765970093798,-0.872742537646356,-1.0991674393625,-0.525360385470657,-1.45715559423221,0.304238800705163,0.370293738116765,-1.36431919328345,0.645926414561124,-2.34125956563968,-0.0599067572087677,0.50367619005509,-1.20967404627848,0.415240645797175,0.337115550822401,0.271174216961833,0.130082885660312,0.434694385186618,0.29786072054186,-0.561555564638946,0.812436393432071,0.800571790357627
-0.363547479581534,-1.29700695201805,-1.22255935021511,-2.48817019555419,-1.71381464991937,-2.33553968294338,-1.65169173658482,-0.361306413855654,0.155594526285284,0.0953387735482607,0.130570826300299,0.00819308155156178,0.539286478641441,0.101314796846704,0.210870101304107,0.518994256179575,0.237760724432156,-0.884432514406307,-0.223490973015789,0.382921758813961,0.201158797495146,-0.696321277342722,0.53804160992809,-0.0261675175098339,0.392133901270902,0.168292844435236,-0.126261071289515,0.592818986709712,-0.0313962852446016,0.615476980227052,-0.827787409036414,0.436951910425983,1.13685982006448,-4.55888667119679,0.425249430257687,-0.387201480148029,-0.478082443156891,-0.249510596465985,-0.238555083117015,0.63813497374432,0.490982510351805,0.341589146501538,0.384913222018118,2.52422619235392,-0.201704720033901,0.428610780944322,0.674736347887634,1.0352723326463,0.328641721634543,0.954848905106882,0.985972522575713,0.598794721263723,0.717064467645234,0.487247676255552,1.18566165225554,0.635645084346841,0.21684568768657,0.166300932917204,0.761882476800313,0.355283538187789,0.375451642307577,-0.338524142426793,-0.0739733939419229,-0.826293475397911,-0.0505684336054068,-0.155517271710223,-0.249261607526259,0.383917266259142,-0.237061149478513,-4.27796020240768,0.147377773496196,0.390141989752876,-0.513438872601504,0.95335497146838,0.147377773496196,-0.102856110952997,0.281084834142181,0.191946793711552,0.540033331482666,-0.0433477543526179,0.14015709424341,0.277847977925453,0.839318037062652,0.190452860073045,-0.0269144843290885,0.799230817762879,0.800973740341108
0.736175293937398,-1.03516069327908,-0.762856724494696,-2.03477569020269,-1.71533567256082,-0.676374668748281,-1.10450307552729,0.300256458814305,0.562431268779439,-0.421990614060205,0.373104633383388,0.568664188045775,0.439719026771762,0.818372981151241,0.34934076119361,1.41907695434682,0.728384508939155,0.0427559593537535,0.511398772320755,1.81370262874311,0.605283067989146,0.563209815270083,0.758380468201948,-1.13683624354049,-0.656506863728565,-1.51003619963126,-1.34953684481974,-0.0137303214011724,-2.21903820389534,0.307268388221645,-1.30356858300485,-0.59729350952636,-1.10036064008299,3.4716767841765,-0.449260124020618,-1.52678734588582,-0.497565755080334,-0.989581981116396,-0.382060758231846,-0.160349454078509,-0.273567869117835,-1.89687080965011,-1.08892017402154,-2.02523133734515,-0.713772410226824,-0.318367446310312,-0.517433393661365,0.0076955633430396,0.36570261934232,-0.0207424291356559,-0.0242484830028969,0.368039988587141,0.116383233227497,1.76578679699363,0.943032822814568,1.20851901287285,0.49815354321592,0.682805713557246,0.0334066250361409,-0.628847994331524,-1.2657393441974,-0.67169976381994,1.60567700372299,-1.64949923123923,0.0330170634953702,1.51237701470035,-0.442248016286136,1.31857014815016,0.485103231598933,0.46348256608428,0.67852053660836,-0.0963173680517567,-0.105666845031065,0.651640790292854,0.444199269814458,0.718255813770419,0.62008630548769,0.241822049366495,-0.0865783295316836,0.336095942241225,0.377779027107331,-0.190980822467246,0.964458707558891,0.0435352250970953,0.226629149275118,1.00575223088412,1.57451208045871
0.65562586230634,-1.71779266810483,-0.295399213600127,-1.98622613193496,-2.4164068570306,-1.84134832750242,-1.77415760000703,-0.741143276627569,1.02063438051556,0.749816579239879,-0.730790723119724,-0.807001168550173,-0.415264692717975,-0.76016754773797,0.0810010018569205,0.979765866339223,1.42987138950757,-1.09609787855982,1.73854682181927,-0.383522673010785,0.259282653129735,1.09480541285455,0.076428393129459,-0.578618268223923,-1.32810679992142,0.250775756134709,0.879312973323297,0.376483967654861,-1.21376647299279,-0.530944893069527,0.924802430977994,-0.178198154125424,-0.47475622803707,0.942147911125118,0.264612761178764,-0.951896679597171,-0.24377716131004,-0.980958358615542,0.241597015588812,1.47007973683209,-0.258138721593182,0.83840874331379,-0.499440648032094,-0.201518192284028,0.381153908852078,0.989459834735616,1.31440478915907,0.890730518701034,1.24392554503792,1.79534728587772,0.220274132181225,0.259439725987444,1.42235877522303,2.78958391142469,-0.371800020152656,0.420483038490097,-0.997961665505348,-0.510747253633835,-0.407992508038479,-1.21990681315012,-0.894147121678048,-0.0780998042378334,-0.500976713863825,0.621069837024165,-0.760573281954778,-0.705344778637274,-0.222693298503527,1.02186139220348,-0.0164593246287323,-1.0381576862562,-0.917272756937176,1.18580090686368,0.415249088086367,0.710580624276485,-0.905194755600914,-0.311771658758004,0.761226699820727,-0.812108051346969,-0.509096241463175,1.621906591512,1.19263300011191,-1.25026093489726,-0.5261996753927,0.135690124673365,-0.694473840560776,1.70323115959775,0.686266974836039
-0.716766962071619,-1.50451050738392,-0.853775597900878,-1.42639870375371,-0.357276168914954,-1.26303401604785,-1.07265042618749,-1.1470074871304,-1.3052186875555,-0.27474725255828,-0.781185164115628,-0.65544080128293,-0.811038618095506,-0.875125553675902,-0.586458084099633,-1.24779453987151,-0.935052922128115,-0.945286248843057,-0.812400690419995,-0.789283472785746,-0.583513220584033,-0.473965267268954,-0.512248200896459,1.20120429488724,1.36265489741597,1.30339008435824,1.08179121814234,1.29875196855372,1.19958463539996,0.566371396754449,1.21386708724245,1.41492572632405,1.21011242206737,0.0444729374173908,1.282481752795,1.17794009497887,0.33799940904623,1.18081130952453,1.30283792771484,1.06518970839759,1.26267773451858,1.22792867642757,1.2667268832368,1.10262592881978,1.18913046961835,0.970623680605446,1.37539131065696,1.14576776789038,1.09033124089351,1.34815158291614,1.15533848304257,1.12128882336653,1.32643342160925,1.16542454439524,1.26981896043982,1.32378306972096,0.83810608619062,-0.534113603974905,0.168965855281548,-0.402037734874796,-0.241691445632856,-0.85296566031412,-1.10290856755765,1.1946520360523,-0.313103704845284,-1.05468688736782,-0.995422074310058,-0.638360778247902,-0.526309790081573,-1.16276234770168,-0.531978598287104,-0.885726954488911,-0.865922936212466,-0.581893558850022,-0.907113821809743,-1.0020479540308,-1.02118938433517,-0.916942210062175,-0.448382082477084,-1.21083678611995,0.777663338960317,-1.31559930659344,-0.449744068864133,-0.649845636430521,-0.508272673064014,-0.82373816865708,-0.691441436899612
-0.50498844907141,0.644394359259123,0.0732957556613034,0.285212406733245,1.14006610411933,0.52746098208516,0.368223647159738,-1.82957165885193,-0.623118381045226,-0.416987701794797,-1.46679760606805,-0.579617350874086,0.404940292608895,-0.784351750117085,-0.764796309300545,-0.836632742433251,-1.38737846589943,-0.883327092308291,0.792058075888426,-0.168155014996765,-0.941992318621671,-1.11440006871226,-0.737658161447987,1.25580206785339,2.23517169111856,1.01954012124655,0.913780972849988,1.56390041714459,0.728203599248398,1.84086965860586,0.465601638324033,0.847531845929889,1.49685310797241,1.71355958940394,0.321928832955061,0.400549784781891,0.834361838771069,0.484358921247127,1.04348558880805,0.0449595914936813,0.379797046228634,-1.13156104802772,-0.103502307387591,0.379797046228634,0.206591497533778,-0.347346985388743,0.183045121098386,0.471588005214408,0.770507258607,0.429284345855686,0.0242068529404256,0.337892477996019,0.545020772402956,1.58385497344588,1.63773227545924,1.65688864950844,1.9857397373529,-0.133833232965446,0.402545240412054,-0.803907233561342,-0.085942297842457,-3.28101295296409,0.859903670836624,-0.0847450244643797,-2.17144105132353,0.537837132134505,0.626834453238025,-0.212853275918383,-0.151792333636568,-0.427564301719752,-0.117470496798385,-1.28361476704322,-1.76651502953347,-0.283093314098811,-1.1000328490718,-0.654647152427976,-0.641477145269154,-1.42928302804236,-0.273116035948104,-0.553278006417604,-0.648660785537602,-1.02699917300923,-0.354530625657191,-1.01103552796827,-0.806301780317488,-0.33178243147377,-0.208064182406083
1.71966386993317,-0.0475190046782092,-0.359395905337105,1.90686441091672,0.793226809511169,-0.15314012305249,-0.543835952779291,-0.611658195624433,1.3343325529419,-0.438936943411956,-0.568941336043946,-0.324320296845839,-0.985918552859047,-0.0937829708057083,0.474580881369484,-0.0909395225278918,0.721017440522954,-1.15440108207675,1.34410739008303,0.840870979509237,1.69670689860327,-1.21444803541596,-1.06291193988174,-1.73684483932769,-1.17880231525113,0.535382925580651,-1.65690615571298,0.831760579220086,-1.56892291375707,-0.0609884114685366,-1.40743706783604,1.1375665676226,0.660943033657565,1.71466879934998,-0.364974715896649,-0.266996357469111,-0.682825733425551,-0.765662519584926,-0.357586700750459,0.630669021619588,-0.207419499930217,0.299589699295058,0.416971802046999,-0.654912077095113,-0.507338141672989,-2.20867241807407,0.431786108766268,0.377613059306365,0.682416745125599,-0.159546729414165,2.14270903888662,-0.0301627187690727,-0.466345381833507,0.855256949734589,-0.749932622719173,-0.111779135264739,-1.18818683993561,-1.02555067680053,-0.710608160513811,-1.16538129561193,-0.64488503594161,-0.879721294181445,-0.467341270190507,-1.26300845104677,1.26546397832177,-0.242607005814332,-0.351103056012011,0.375400433125903,0.0584736514429331,-0.954783699769115,-0.477839920252189,-0.328808992793164,3.6004115787785,1.58248260389422,-0.116127121940188,-0.53077323931044,1.27121488891998,0.340292825433959,-0.470723878693156,0.0853714717697719,0.541543763777249,-0.527447229935564,1.14259282534752,0.213561451899519,1.31220764875945,-0.0763035941987051,0.877684394460978
-0.611392163670203,-0.533031398215453,0.237629033090551,0.0587108410345027,0.634393941349135,-0.29155877810498,0.124123523684155,-1.4244280658082,-1.02404783259737,-0.413556276594868,-1.80429331011894,-0.817173456738422,-1.2776274973281,-1.08172537200765,-0.513189075648106,-1.46369251899784,-1.63277373569625,-0.6941252282144,-0.987137531961934,-1.53049256312943,-0.840084726436376,0.0811595852748155,-0.132483094641274,1.11523687091864,1.27170632643194,1.20604128357548,1.16711309555683,1.27532168730623,1.15374466813791,1.02426430194206,1.00601934125083,1.18334018041127,1.04326596607209,0.726459459691571,1.21999825811346,0.962466854439489,0.524251485210389,1.19485888831309,1.12364468690538,0.936108351321046,1.12263574898697,0.923370510101129,1.17022398747195,0.765471725870072,1.15454341065666,0.899912703498112,1.05907266012718,1.09480587807085,1.03897797991885,1.18586252520729,1.16946728403314,1.11473240195944,1.17089661275087,1.08908856319986,1.08530504600582,1.13070725233424,0.865692892432055,-0.552705664531687,0.31456055450097,-0.763741845798975,0.0689682495281895,-0.440965790067855,-1.19027035080651,0.967847856670997,-1.10131565766675,-1.19552523579822,-0.655112863250232,-0.534460703840461,-0.412967762831997,-1.17648153258824,-0.423057142016091,-0.335699933913827,-1.27460074515355,-0.720777906106696,-1.83615877490818,-1.49013510797373,-0.919538676033329,-0.66562263323367,-0.615007580993462,-1.76158144710578,0.689717303829515,-0.408847932998501,-0.211600569949482,-1.53036650747031,-0.490655982549513,-0.997899521029793,-0.573809282658423
-0.562577795805424,-1.03908806476644,-0.0929376171423479,-0.53034991906455,0.257131078393283,-0.971158717502171,-0.433357410958814,-1.45986556681423,-1.00010594681029,-0.449567737108807,-1.42343060333932,-0.833755604111453,-1.55928981612921,-1.05460379112447,-0.355315488846076,-1.65145769375069,-1.52694590184699,-0.922449999847758,-1.03831618513803,-1.41960964193347,-0.969305950796913,-0.0739481851044776,-0.209344301919718,1.15804684620122,1.19818703684134,1.12578030834053,0.951016093707453,1.39371608086323,1.17255906897111,1.03237717242799,0.957037122303469,1.29058666798789,1.09428569722291,0.371144724306564,1.23269216225697,0.971780923096284,0.509628382014923,1.19039057673624,1.14928547766728,1.1705520594391,0.969851106238595,0.921065336075999,1.19131688882793,1.2145518837946,1.17248187629681,0.925388125837249,1.11667157277221,1.15565387329768,0.979345805178466,1.1439977794772,1.21377995705153,1.0785383916641,1.12578030834053,1.15163985423368,1.1400609530875,1.15534510260046,0.975949327508911,-0.664626579556723,0.377783294297051,-0.453195844627406,0.186808618059317,-0.134390099735825,-0.804654090751249,1.03160524568489,-0.786745390311825,-1.40204819722004,-0.721517580521648,-0.588360217340533,-0.349680468380521,-1.73837667917952,-0.222466941121122,-0.324670041904764,-1.5886228910222,-0.427645069431501,-1.31922045768766,0.129712986467354,-1.07575476292058,-0.677672141514773,-0.421006499441015,-1.75450994810987,0.636533138577099,-0.563967332259247,-0.132035723169426,-1.14237204084827,-0.617539048228917,-1.15757899768693,-0.574619921313736
0.606680617499452,-3.12694876761155,-2.17914451894667,-2.60008586088177,-2.69229604648218,-2.86643162142788,-2.75879688284991,-0.330840220994177,0.172027608692227,0.270063898012342,-0.214121427271072,0.0236012260642373,-0.454243235251461,0.574459419057701,-0.192354284258911,-0.0476980242039996,0.0167448172724433,-0.929344662305036,-0.622893996994113,-0.095003034309744,0.366730396268336,-0.935515168692287,0.717058442644776,-0.920604125871979,-0.94819843439647,-0.643461288082188,-0.496748691206416,-0.051126317518473,-0.145049802434211,-0.00142228353023197,-1.08188514650286,0.127465418398047,1.03756342004542,0.531431938520824,1.42628324447785,0.529211127599753,0.0907872691790791,0.0160598249759881,-0.0576392599031085,1.31350650529063,0.49938870720679,-0.242058365321738,0.7105451550467,1.01596787424361,0.888794104521857,0.694091405864373,0.653299819349828,0.829149263735928,1.26791590859797,0.971748423316118,1.6497800042044,0.569659927673041,0.54566487678208,1.32344731208832,0.591598259916108,1.12017495239831,-0.269138494184288,-0.716474800078751,0.280690957658449,0.165171926940809,0.125065913308889,-0.479952155582827,-0.0857477480896532,-1.14632899746701,0.218989398224736,-0.0483840259880492,-0.673283708475146,0.372214937485139,0.0558230521666389,-0.874842135958637,-0.364261731644607,0.102442008183192,-0.839192346063565,0.142205235373845,0.414034883323477,-0.0487268124294221,0.28548996783656,0.240242157585165,0.426375195210226,0.574801724292516,1.56579732608625,0.988887745380968,1.24254971194185,-0.0785492328223894,0.439058293538336,-0.593757254093947,2.06180930664517
-0.304753365680109,0.15980679498224,-0.106483396736009,0.150933753248606,-0.533212355707513,0.341933815873031,-0.114986091456539,-1.64584462981054,0.617218777883937,-0.160086466162553,-1.57840308367253,0.269846535519081,-0.88573642166272,0.647285167879528,0.846417822646314,0.197760157693817,-0.80504766498321,-1.17398410089414,0.469471472687367,1.22989457886899,0.408475038535431,-1.11015309672039,-0.807512790520614,-2.79032950785015,-1.15805998381965,-1.86355238419544,-0.843181921552374,0.215750525597064,-2.00439884774249,0.235096890231284,-1.58185945710135,-0.30610841851642,1.51281953285539,2.51427691736901,0.216489877111747,0.591833996065668,-0.187812176167197,-0.379304218470006,0.129739299389006,1.38811557737889,0.399972278005518,0.301022400290513,1.3634705268895,1.71909860545185,1.05442159375215,0.398123899218812,1.23457691282977,1.15521985025386,1.34819059558603,0.273666394247255,1.22422599162421,0.661086587940968,1.2910140784506,1.07980599575622,0.0736473883698519,0.618308873497003,-1.34785470270429,-1.44138266931164,-1.04509025744174,-1.36937797965667,-0.144190436800919,-0.229816718142417,-0.131744686303786,-2.13378536281195,-0.329397991228925,-0.888114362334297,-0.870603299976628,0.936618252412656,0.0666479701361095,-1.40490286482406,-1.35303081155781,0.18075455390211,-0.0658191762445575,0.836805797930496,0.56743539608114,-0.870972975733973,0.266149653847957,0.214025372062829,-0.112767997426905,0.569407000120318,0.381858165895792,-0.164522603454692,1.52021304800222,0.652830496026987,1.18504036134603,0.343042211374954,0.184338492257138
1.49523122104985,1.2352592246263,1.06173662838588,1.61675814670825,2.09535320015587,1.57102868060022,1.17261577141339,0.995963251179177,-0.239993642111081,-0.157931172915075,-0.399733322275683,0.779841781928634,0.687755517147734,-0.384072088575858,-0.132246430388937,-1.27924784316876,-0.120343887041795,-0.707311812017073,0.254262979588242,-0.417273112565549,-0.608335594681666,-1.42645941576692,-0.266303136373312,-0.303888873749153,0.556205082663226,-0.411635531070958,-0.703553800326632,1.55787313532402,-0.246883374817117,1.61487863425588,-1.29741328370528,0.0312533452462983,0.237663366104106,-4.80168538288266,-0.940345872813053,-1.54610760322156,-0.135378113170136,0.293729213954663,0.443446952907779,0.13210922797187,-0.564485440294928,-0.360267938626877,-0.848886500900436,0.403355173439248,0.251758132323541,-1.00424214634114,-1.39638986426844,0.794250023258099,0.181597518253549,-0.0144763407101963,0.225447902047268,-1.33938436533659,0.96401365194539,1.82410760835776,-0.124102300194588,0.221689297722089,-0.159809041283805,0.878192186520353,-0.561979704078202,-0.360267938626877,-0.608335824088841,-1.17275290692015,0.481032996159599,-1.04683966202658,-0.72798472844031,-0.606456521926246,0.269924719895308,0.293729213954663,0.933318383289805,-1.36068312317922,1.18389200496849,0.0669600863355255,-0.597686445167423,0.20101697393359,-0.0771197461298219,-0.54036772920841,1.16791793658647,1.27284564066438,0.1076782998582,0.418389590739967,-0.249389111034023,-0.841995726304211,-0.632140318148188,-0.610841560305561,0.595670428077625,1.30667307959102,0.456602068045923
